email,Name,SchoolName
maturelion1@gmail.com,Maturelion One,Institutional Pride
maturelion6@gmail.com,Maturelion Six,Institutional Pride
maturelion6@protonmail.com,Maturelion Six,Institutional Pride
traceymsims@outlook.com,Traceym Sims,Institutional Pride
pubmining@outlook.com,Pubmining,Institutional Pride
Jenniferbradley843@gmail.com,Jennifer Bradley,Institutional Pride
hassanstricklenidb90@gmail.com,Hassan Stricklen,Institutional Pride
